{"cameraMode":{"drawMode":0,"name":"Shaded","section":"Shading Mode"},"sceneLighting":false,"audioPlay":false,"sceneViewState":{"showFog":true,"showMaterialUpdate":false,"showSkybox":false,"showFlares":true,"showImageEffects":true,"showParticleSystems":true},"in2DMode":false,"pivot":{"x":-4.0,"y":0.42122340202331545,"z":-0.028963327407836915},"rotation":{"x":0.7102169990539551,"y":-0.009502687491476536,"z":0.009588503278791905,"w":0.703853964805603},"size":2.478179693222046,"orthographic":false}